{
    "CompanyName": "Skill Angola™",
    "ButtonText_changeLang": "Language",
    "InputPlaceHolder_username": "Username",
    "InputPlaceHolder_password": "Password",
    "SignIn": {
        "Title": "Employer Portal",
        "ButtonText_Login": "Login",
        "Rules_username_message": "Please enter your username",
        "Rules_password_message": "Please enter your password",
        "Backend_message_success": "Welcome back, ",
        "Backend_message_error": "Incorrect username or password. Please try again."
    },
    "SignUp": {
        "Step1": {
            "Title": "Login Information",
            "Subtitle": "Step 1 of 2",
            "InputPlaceHolder_confirmPassword": "Confirm password",
            "ButtonText_Next": "Register",
            "Message_success": "Successfully registered",
            "Message_warning": "This username has been used",
            "Message_error": "Failed to register the account",
            "NForm_rules_message_username1": "Username is required",
            "NForm_rules_message_username2": "The username must be at least six characters",
            "NForm_rules_message_username3": "The user name contains only letters and numbers",
            "NForm_rules_message_password": "Password is required",
            "NForm_rules_message_repassword1": "Please enter your password again",
            "NForm_rules_message_repassword2": "The two password entries are inconsistent"
        },
        "Step2": {
            "Title": "Company Information",
            "Subtitle": "Step 2 of 2",
            "FormItem_CompanyName": "Company name",
            "FormItem_CompanyAddress": "Company address",
            "FormItem_CompanyDescription": "Company description",
            "FormItem_ContactName": "Contact name",
            "FormItem_ContactPhone": "Contact phone",
            "FormItem_CompanyEmail": "Company email",
            "FormItem_Logo": "Logo/Storefront",
            "ButtonText_upload": "Upload file",
            "InputPlaceHolder_password": "Password",
            "InputPlaceHolder_confirmPassword": "Confirm password",
            "InputText_Next": "Next",
            "ButtonText_Next": "Register"
        },
        "ButtonLink_toSignUp_1": "Having an account?",
        "ButtonLink_toSignUp_2": "Login"
    },
    "APP": {
        "Text_NResult_404_title": "No company information found.",
        "Text_NResult_404_description": "Please create your company profile to get started.",
        "Text_NResult_404_NButton": "Create a new company profile",
        "Text_NButton_PostAJob": "Post a job",
        "NModal_NBreadCrumbItem_1": "Back",
        "NDropDown_label_changePassword": "Change Password",
        "NDropDown_label_logout": "Log out",
        "Company": {
            "NModal_title_create": "Create a new company profile",
            "NModal_title_edit_part1": "Edit ",
            "NModal_title_edit_part2": " profile",
            "NModal_NButton_create": "Create",
            "NModal_NButton_edit": "Save",
            "NUpload_BeforeUpload_message_error1": "Only jpeg, jpg, png, and webp image files are allowed. Please try again.",
            "NUpload_BeforeUpload_message_error2": "The image size must not exceed 2MB. Please try again.",
            "NForm_create_success": "Successfully created ",
            "NForm_create_error": "Failed to create the company profile",
            "NForm_edit_success": "Your changes have been saved",
            "NForm_edit_error": "Sorry, we cannot save your changes at this moment",
            "NForm_create_validate_error": "Please check all required fields",
            "NForm_rules_message_name": "Company name is required",
            "NForm_rules_message_address": "Company address is required",
            "NForm_rules_message_description_1": "Company description is required",
            "NForm_rules_message_description_2": "The number of characters exceeded the limit",
            "NForm_rules_message_contactName": "Contact name is required",
            "NForm_rules_message_contactPhone": "Contact phone is required",
            "NForm_rules_message_email": "Company email is required",
            "NForm_rules_message_logo": "A Company logo/storefront is required",
            "NDropDown_companyOptions_manage": "Manage your company profile",
            "NModal_title_manage": "Manage your company profile",
            "NDropDown_message_success_switchCompany": "Switch to ",
            "NDataTable_columns_1": "Company name",
            "NDataTable_columns_2": "Address",
            "NDataTable_columns_3": "Contact name",
            "NDataTable_columns_4": "Contact phone",
            "NDataTable_columns_5": "Email",
            "NDataTable_columns_6": "Actions",
            "NDataTable_columns_6_NButton": "View / Edit"
        },
        "Job": {
            "NModal_title_create": "Post a new job for ",
            "NFormItem_position_label": "Position",
            "NFormItem_description_label": "Description",
            "NFormItem_Pay_label": "Pay",
            "NFormItem_skillsRequired_label": "Skills Required",
            "NFormItem_workingLocation_label": "Working Location",
            "NFormItem_workingHours_label": "Working Hours",
            "NModal_title_edit_part1": "Edit ",
            "NModal_title_edit_part2": " profile",
            "NModal_NButton_create": "Post",
            "NModal_NButton_edit": "Save",
            "NUpload_BeforeUpload_message_error1": "Only jpeg, jpg, png, and webp image files are allowed. Please try again.",
            "NUpload_BeforeUpload_message_error2": "The image size must not exceed 2MB. Please try again.",
            "NForm_create_success1": "Successfully posted ",
            "NForm_create_success2": " for ",
            "NForm_create_error": "Failed to post the job",
            "NForm_edit_success": "Your changes have been saved",
            "NForm_edit_error": "Sorry, we cannot save your changes at this moment",
            "NForm_create_validate_error": "Please check all required fields",
            "NForm_rules_message_position": "Job position is required",
            "NForm_rules_message_description": "Job description is required",
            "NForm_rules_message_pay": "Job pay is required",
            "NForm_rules_message_skills": "Required skills are required",
            "NForm_rules_message_workingLocation": "Working location is required",
            "NForm_rules_message_workingHours": "Working hours is required",
            "NDropDown_companyOptions_manage": "Manage your company profile",
            "NModal_title_manage": "Manage your company profile",
            "NDropDown_message_success_switchCompany": "Switch to ",
            "Text_NResult_404_title": "No job information found.",
            "Text_NResult_404_description": "You can post your first job by clicking the button below or on the top right",
            "NDataTable_columns_1": "Post time",
            "NDataTable_columns_2": "Status",
            "NDataTable_columns_2_FilterOption1": "On display",
            "NDataTable_columns_2_FilterOption2": "Removed",
            "NDataTable_columns_3": "Position",
            "NDataTable_columns_4": "Pay",
            "NDataTable_columns_5": "Working hours",
            "NDataTable_columns_6": "Actions",
            "NDataTable_columns_6_NButton1": "View / Edit",
            "NDataTable_columns_6_NButton2": "Applicants",
            "NDataTable_columns_6_NButton3": "Remove",
            "NDataTable_columns_6_NButton4": "Display"
        }
    },
    "Applicant": {
        "NDrawer_Filter_pay": "Pay",
        "NInputGroup_NInput_placeholder": "You can search position here",
        "NInputGroup_NInput_button": "Search",
        "NDataTable_updateRecord_success": "Your changes have been saved",
        "NDataTable_updateRecord_error": "Sorry, we cannot save your changes at this moment",
        "NDataTable_columns_1": "Application Time",
        "NDataTable_columns_2": "First name",
        "NDataTable_columns_3": "Last name",
        "NDataTable_columns_4": "Age",
        "NDataTable_columns_5": "Education",
        "NDataTable_columns_6": "Skill",
        "NDataTable_columns_7": "Photo",
        "NDataTable_columns_8": "Actions",
        "NDataTable_columns_8_NButton1": "View applicant detail",
        "NDataTable_columns_8_NButton2": "Call",
        "NDataTable_columns_8_NButton3": "Comment",
        "NDataTable_columns_9_NButton1": "Hired",
        "NDataTable_columns_9_NButton2": "Hire",
        "NDataTable_columns_9_NButton3": "Declined",
        "NDataTable_columns_9_NButton4": "Decline",
        "NDataTable_columns_9_NButton5": "Reset"
    },
    "Security": {
        "Title": "Change Password",
        "Subtitle": "Step 1 of 2",
        "InputPlaceHolder_password": "Password",
        "InputPlaceHolder_newPassword": "New password",
        "InputPlaceHolder_confirmNewPassword": "Confirm new password",
        "ButtonText_Next": "Submit",
        "Message_success": "Successfully changed",
        "Message_error": "Failed to change your password at this moment",
        "NButton_deleteAccount": "Delete this account",
        "NPopconfirm": "Are you sure you want to delete this account? All data under this account will be deleted",
        "UpdatePassword_message201": "Your password has been changed Successfully. Please log in again",
        "UpdatePassword_message404": "The password you enter is incorrect",
        "UpdatePassword_message500": "Sorry, you cannot change your password at this moment",
        "DeleteUser_message200": "Successfully delete your account",
        "DeleteUser_message500": "Sorry, you cannot delete your account at this moment"
    }
}